order_id,user_id,driver_id,vendor_id,device_id,market,vertical,amount,is_refund,event_ts,status,claim_reason
H-CLEAN-0-0,U0,D0,V0,DEV0,SG,food,20,0,2026-07-01T00:00:00+00:00,delivered,
H-CLEAN-0-1,U0,D0,V0,DEV0,SG,food,20,0,2026-07-03T00:00:00+00:00,delivered,
H-CLEAN-0-2,U0,D0,V0,DEV0,SG,food,20,0,2026-07-05T00:00:00+00:00,delivered,
H-CLEAN-0-3,U0,D0,V0,DEV0,SG,food,20,0,2026-07-07T00:00:00+00:00,delivered,
H-CLEAN-0-4,U0,D0,V0,DEV0,SG,food,20,0,2026-07-09T00:00:00+00:00,delivered,
H-CLEAN-0-5,U0,D0,V0,DEV0,SG,food,20,0,2026-07-11T00:00:00+00:00,delivered,
H-CLEAN-0-6,U0,D0,V0,DEV0,SG,food,20,0,2026-07-13T00:00:00+00:00,delivered,
H-CLEAN-0-7,U0,D0,V0,DEV0,SG,food,20,0,2026-07-15T00:00:00+00:00,delivered,
H-CLEAN-0-8,U0,D0,V0,DEV0,SG,food,20,0,2026-07-17T00:00:00+00:00,delivered,
H-CLEAN-0-9,U0,D0,V0,DEV0,SG,food,20,0,2026-07-19T00:00:00+00:00,delivered,
H-CLEAN-0-10,U0,D0,V0,DEV0,SG,food,20,0,2026-07-21T00:00:00+00:00,delivered,
H-CLEAN-0-11,U0,D0,V0,DEV0,SG,food,20,1,2026-07-23T00:00:00+00:00,delivered,quality
H-CLEAN-1-0,U1,D1,V1,DEV1,SG,qcommerce,21,0,2026-07-01T01:00:00+00:00,delivered,
H-CLEAN-1-1,U1,D1,V1,DEV1,SG,qcommerce,21,0,2026-07-03T01:00:00+00:00,delivered,
H-CLEAN-1-2,U1,D1,V1,DEV1,SG,qcommerce,21,0,2026-07-05T01:00:00+00:00,delivered,
H-CLEAN-1-3,U1,D1,V1,DEV1,SG,qcommerce,21,0,2026-07-07T01:00:00+00:00,delivered,
H-CLEAN-1-4,U1,D1,V1,DEV1,SG,qcommerce,21,0,2026-07-09T01:00:00+00:00,delivered,
H-CLEAN-1-5,U1,D1,V1,DEV1,SG,qcommerce,21,0,2026-07-11T01:00:00+00:00,delivered,
H-CLEAN-1-6,U1,D1,V1,DEV1,SG,qcommerce,21,0,2026-07-13T01:00:00+00:00,delivered,
H-CLEAN-1-7,U1,D1,V1,DEV1,SG,qcommerce,21,0,2026-07-15T01:00:00+00:00,delivered,
H-CLEAN-1-8,U1,D1,V1,DEV1,SG,qcommerce,21,0,2026-07-17T01:00:00+00:00,delivered,
H-CLEAN-1-9,U1,D1,V1,DEV1,SG,qcommerce,21,0,2026-07-19T01:00:00+00:00,delivered,
H-CLEAN-1-10,U1,D1,V1,DEV1,SG,qcommerce,21,0,2026-07-21T01:00:00+00:00,delivered,
H-CLEAN-1-11,U1,D1,V1,DEV1,SG,qcommerce,21,0,2026-07-23T01:00:00+00:00,delivered,
H-CLEAN-2-0,U2,D2,V2,DEV2,SG,food,22,0,2026-07-01T02:00:00+00:00,delivered,
H-CLEAN-2-1,U2,D2,V2,DEV2,SG,food,22,0,2026-07-03T02:00:00+00:00,delivered,
H-CLEAN-2-2,U2,D2,V2,DEV2,SG,food,22,0,2026-07-05T02:00:00+00:00,delivered,
H-CLEAN-2-3,U2,D2,V2,DEV2,SG,food,22,0,2026-07-07T02:00:00+00:00,delivered,
H-CLEAN-2-4,U2,D2,V2,DEV2,SG,food,22,0,2026-07-09T02:00:00+00:00,delivered,
H-CLEAN-2-5,U2,D2,V2,DEV2,SG,food,22,0,2026-07-11T02:00:00+00:00,delivered,
H-CLEAN-2-6,U2,D2,V2,DEV2,SG,food,22,0,2026-07-13T02:00:00+00:00,delivered,
H-CLEAN-2-7,U2,D2,V2,DEV2,SG,food,22,0,2026-07-15T02:00:00+00:00,delivered,
H-CLEAN-2-8,U2,D2,V2,DEV2,SG,food,22,0,2026-07-17T02:00:00+00:00,delivered,
H-CLEAN-2-9,U2,D2,V2,DEV2,SG,food,22,0,2026-07-19T02:00:00+00:00,delivered,
H-CLEAN-2-10,U2,D2,V2,DEV2,SG,food,22,0,2026-07-21T02:00:00+00:00,delivered,
H-CLEAN-2-11,U2,D2,V2,DEV2,SG,food,22,0,2026-07-23T02:00:00+00:00,delivered,
H-CLEAN-3-0,U3,D3,V3,DEV3,SG,qcommerce,23,0,2026-07-01T03:00:00+00:00,delivered,
H-CLEAN-3-1,U3,D3,V3,DEV3,SG,qcommerce,23,0,2026-07-03T03:00:00+00:00,delivered,
H-CLEAN-3-2,U3,D3,V3,DEV3,SG,qcommerce,23,0,2026-07-05T03:00:00+00:00,delivered,
H-CLEAN-3-3,U3,D3,V3,DEV3,SG,qcommerce,23,0,2026-07-07T03:00:00+00:00,delivered,
H-CLEAN-3-4,U3,D3,V3,DEV3,SG,qcommerce,23,0,2026-07-09T03:00:00+00:00,delivered,
H-CLEAN-3-5,U3,D3,V3,DEV3,SG,qcommerce,23,0,2026-07-11T03:00:00+00:00,delivered,
H-CLEAN-3-6,U3,D3,V3,DEV3,SG,qcommerce,23,0,2026-07-13T03:00:00+00:00,delivered,
H-CLEAN-3-7,U3,D3,V3,DEV3,SG,qcommerce,23,0,2026-07-15T03:00:00+00:00,delivered,
H-CLEAN-3-8,U3,D3,V3,DEV3,SG,qcommerce,23,0,2026-07-17T03:00:00+00:00,delivered,
H-CLEAN-3-9,U3,D3,V3,DEV3,SG,qcommerce,23,0,2026-07-19T03:00:00+00:00,delivered,
H-CLEAN-3-10,U3,D3,V3,DEV3,SG,qcommerce,23,0,2026-07-21T03:00:00+00:00,delivered,
H-CLEAN-3-11,U3,D3,V3,DEV3,SG,qcommerce,23,0,2026-07-23T03:00:00+00:00,delivered,
H-CLEAN-4-0,U4,D4,V0,DEV4,SG,food,24,0,2026-07-01T04:00:00+00:00,delivered,
H-CLEAN-4-1,U4,D4,V0,DEV4,SG,food,24,0,2026-07-03T04:00:00+00:00,delivered,
H-CLEAN-4-2,U4,D4,V0,DEV4,SG,food,24,0,2026-07-05T04:00:00+00:00,delivered,
H-CLEAN-4-3,U4,D4,V0,DEV4,SG,food,24,0,2026-07-07T04:00:00+00:00,delivered,
H-CLEAN-4-4,U4,D4,V0,DEV4,SG,food,24,0,2026-07-09T04:00:00+00:00,delivered,
H-CLEAN-4-5,U4,D4,V0,DEV4,SG,food,24,0,2026-07-11T04:00:00+00:00,delivered,
H-CLEAN-4-6,U4,D4,V0,DEV4,SG,food,24,0,2026-07-13T04:00:00+00:00,delivered,
H-CLEAN-4-7,U4,D4,V0,DEV4,SG,food,24,0,2026-07-15T04:00:00+00:00,delivered,
H-CLEAN-4-8,U4,D4,V0,DEV4,SG,food,24,0,2026-07-17T04:00:00+00:00,delivered,
H-CLEAN-4-9,U4,D4,V0,DEV4,SG,food,24,0,2026-07-19T04:00:00+00:00,delivered,
H-CLEAN-4-10,U4,D4,V0,DEV4,SG,food,24,0,2026-07-21T04:00:00+00:00,delivered,
H-CLEAN-4-11,U4,D4,V0,DEV4,SG,food,24,0,2026-07-23T04:00:00+00:00,delivered,
H-CLEAN-5-0,U5,D0,V1,DEV5,SG,qcommerce,25,0,2026-07-01T05:00:00+00:00,delivered,
H-CLEAN-5-1,U5,D0,V1,DEV5,SG,qcommerce,25,0,2026-07-03T05:00:00+00:00,delivered,
H-CLEAN-5-2,U5,D0,V1,DEV5,SG,qcommerce,25,0,2026-07-05T05:00:00+00:00,delivered,
H-CLEAN-5-3,U5,D0,V1,DEV5,SG,qcommerce,25,0,2026-07-07T05:00:00+00:00,delivered,
H-CLEAN-5-4,U5,D0,V1,DEV5,SG,qcommerce,25,0,2026-07-09T05:00:00+00:00,delivered,
H-CLEAN-5-5,U5,D0,V1,DEV5,SG,qcommerce,25,0,2026-07-11T05:00:00+00:00,delivered,
H-CLEAN-5-6,U5,D0,V1,DEV5,SG,qcommerce,25,0,2026-07-13T05:00:00+00:00,delivered,
H-CLEAN-5-7,U5,D0,V1,DEV5,SG,qcommerce,25,0,2026-07-15T05:00:00+00:00,delivered,
H-CLEAN-5-8,U5,D0,V1,DEV5,SG,qcommerce,25,0,2026-07-17T05:00:00+00:00,delivered,
H-CLEAN-5-9,U5,D0,V1,DEV5,SG,qcommerce,25,0,2026-07-19T05:00:00+00:00,delivered,
H-CLEAN-5-10,U5,D0,V1,DEV5,SG,qcommerce,25,0,2026-07-21T05:00:00+00:00,delivered,
H-CLEAN-5-11,U5,D0,V1,DEV5,SG,qcommerce,25,0,2026-07-23T05:00:00+00:00,delivered,
H-CLEAN-6-0,U6,D1,V2,DEV6,SG,food,26,0,2026-07-01T06:00:00+00:00,delivered,
H-CLEAN-6-1,U6,D1,V2,DEV6,SG,food,26,0,2026-07-03T06:00:00+00:00,delivered,
H-CLEAN-6-2,U6,D1,V2,DEV6,SG,food,26,0,2026-07-05T06:00:00+00:00,delivered,
H-CLEAN-6-3,U6,D1,V2,DEV6,SG,food,26,0,2026-07-07T06:00:00+00:00,delivered,
H-CLEAN-6-4,U6,D1,V2,DEV6,SG,food,26,0,2026-07-09T06:00:00+00:00,delivered,
H-CLEAN-6-5,U6,D1,V2,DEV6,SG,food,26,0,2026-07-11T06:00:00+00:00,delivered,
H-CLEAN-6-6,U6,D1,V2,DEV6,SG,food,26,0,2026-07-13T06:00:00+00:00,delivered,
H-CLEAN-6-7,U6,D1,V2,DEV6,SG,food,26,0,2026-07-15T06:00:00+00:00,delivered,
H-CLEAN-6-8,U6,D1,V2,DEV6,SG,food,26,0,2026-07-17T06:00:00+00:00,delivered,
H-CLEAN-6-9,U6,D1,V2,DEV6,SG,food,26,0,2026-07-19T06:00:00+00:00,delivered,
H-CLEAN-6-10,U6,D1,V2,DEV6,SG,food,26,0,2026-07-21T06:00:00+00:00,delivered,
H-CLEAN-6-11,U6,D1,V2,DEV6,SG,food,26,0,2026-07-23T06:00:00+00:00,delivered,
H-CLEAN-7-0,U7,D2,V3,DEV7,SG,qcommerce,27,0,2026-07-01T07:00:00+00:00,delivered,
H-CLEAN-7-1,U7,D2,V3,DEV7,SG,qcommerce,27,0,2026-07-03T07:00:00+00:00,delivered,
H-CLEAN-7-2,U7,D2,V3,DEV7,SG,qcommerce,27,0,2026-07-05T07:00:00+00:00,delivered,
H-CLEAN-7-3,U7,D2,V3,DEV7,SG,qcommerce,27,0,2026-07-07T07:00:00+00:00,delivered,
H-CLEAN-7-4,U7,D2,V3,DEV7,SG,qcommerce,27,0,2026-07-09T07:00:00+00:00,delivered,
H-CLEAN-7-5,U7,D2,V3,DEV7,SG,qcommerce,27,0,2026-07-11T07:00:00+00:00,delivered,
H-CLEAN-7-6,U7,D2,V3,DEV7,SG,qcommerce,27,0,2026-07-13T07:00:00+00:00,delivered,
H-CLEAN-7-7,U7,D2,V3,DEV7,SG,qcommerce,27,0,2026-07-15T07:00:00+00:00,delivered,
H-CLEAN-7-8,U7,D2,V3,DEV7,SG,qcommerce,27,0,2026-07-17T07:00:00+00:00,delivered,
H-CLEAN-7-9,U7,D2,V3,DEV7,SG,qcommerce,27,0,2026-07-19T07:00:00+00:00,delivered,
H-CLEAN-7-10,U7,D2,V3,DEV7,SG,qcommerce,27,0,2026-07-21T07:00:00+00:00,delivered,
H-CLEAN-7-11,U7,D2,V3,DEV7,SG,qcommerce,27,0,2026-07-23T07:00:00+00:00,delivered,
H-CLEAN-8-0,U8,D3,V0,DEV8,SG,food,28,0,2026-07-01T08:00:00+00:00,delivered,
H-CLEAN-8-1,U8,D3,V0,DEV8,SG,food,28,0,2026-07-03T08:00:00+00:00,delivered,
H-CLEAN-8-2,U8,D3,V0,DEV8,SG,food,28,0,2026-07-05T08:00:00+00:00,delivered,
H-CLEAN-8-3,U8,D3,V0,DEV8,SG,food,28,0,2026-07-07T08:00:00+00:00,delivered,
H-CLEAN-8-4,U8,D3,V0,DEV8,SG,food,28,0,2026-07-09T08:00:00+00:00,delivered,
H-CLEAN-8-5,U8,D3,V0,DEV8,SG,food,28,0,2026-07-11T08:00:00+00:00,delivered,
H-CLEAN-8-6,U8,D3,V0,DEV8,SG,food,28,0,2026-07-13T08:00:00+00:00,delivered,
H-CLEAN-8-7,U8,D3,V0,DEV8,SG,food,28,0,2026-07-15T08:00:00+00:00,delivered,
H-CLEAN-8-8,U8,D3,V0,DEV8,SG,food,28,0,2026-07-17T08:00:00+00:00,delivered,
H-CLEAN-8-9,U8,D3,V0,DEV8,SG,food,28,0,2026-07-19T08:00:00+00:00,delivered,
H-CLEAN-8-10,U8,D3,V0,DEV8,SG,food,28,0,2026-07-21T08:00:00+00:00,delivered,
H-CLEAN-8-11,U8,D3,V0,DEV8,SG,food,28,0,2026-07-23T08:00:00+00:00,delivered,
H-CLEAN-9-0,U9,D4,V1,DEV9,SG,qcommerce,29,0,2026-07-01T09:00:00+00:00,delivered,
H-CLEAN-9-1,U9,D4,V1,DEV9,SG,qcommerce,29,0,2026-07-03T09:00:00+00:00,delivered,
H-CLEAN-9-2,U9,D4,V1,DEV9,SG,qcommerce,29,0,2026-07-05T09:00:00+00:00,delivered,
H-CLEAN-9-3,U9,D4,V1,DEV9,SG,qcommerce,29,0,2026-07-07T09:00:00+00:00,delivered,
H-CLEAN-9-4,U9,D4,V1,DEV9,SG,qcommerce,29,0,2026-07-09T09:00:00+00:00,delivered,
H-CLEAN-9-5,U9,D4,V1,DEV9,SG,qcommerce,29,0,2026-07-11T09:00:00+00:00,delivered,
H-CLEAN-9-6,U9,D4,V1,DEV9,SG,qcommerce,29,0,2026-07-13T09:00:00+00:00,delivered,
H-CLEAN-9-7,U9,D4,V1,DEV9,SG,qcommerce,29,0,2026-07-15T09:00:00+00:00,delivered,
H-CLEAN-9-8,U9,D4,V1,DEV9,SG,qcommerce,29,0,2026-07-17T09:00:00+00:00,delivered,
H-CLEAN-9-9,U9,D4,V1,DEV9,SG,qcommerce,29,0,2026-07-19T09:00:00+00:00,delivered,
H-CLEAN-9-10,U9,D4,V1,DEV9,SG,qcommerce,29,0,2026-07-21T09:00:00+00:00,delivered,
H-CLEAN-9-11,U9,D4,V1,DEV9,SG,qcommerce,29,0,2026-07-23T09:00:00+00:00,delivered,
H-CLEAN-10-0,U10,D0,V2,DEV10,SG,food,30,0,2026-07-01T10:00:00+00:00,delivered,
H-CLEAN-10-1,U10,D0,V2,DEV10,SG,food,30,0,2026-07-03T10:00:00+00:00,delivered,
H-CLEAN-10-2,U10,D0,V2,DEV10,SG,food,30,0,2026-07-05T10:00:00+00:00,delivered,
H-CLEAN-10-3,U10,D0,V2,DEV10,SG,food,30,0,2026-07-07T10:00:00+00:00,delivered,
H-CLEAN-10-4,U10,D0,V2,DEV10,SG,food,30,0,2026-07-09T10:00:00+00:00,delivered,
H-CLEAN-10-5,U10,D0,V2,DEV10,SG,food,30,0,2026-07-11T10:00:00+00:00,delivered,
H-CLEAN-10-6,U10,D0,V2,DEV10,SG,food,30,0,2026-07-13T10:00:00+00:00,delivered,
H-CLEAN-10-7,U10,D0,V2,DEV10,SG,food,30,0,2026-07-15T10:00:00+00:00,delivered,
H-CLEAN-10-8,U10,D0,V2,DEV10,SG,food,30,0,2026-07-17T10:00:00+00:00,delivered,
H-CLEAN-10-9,U10,D0,V2,DEV10,SG,food,30,0,2026-07-19T10:00:00+00:00,delivered,
H-CLEAN-10-10,U10,D0,V2,DEV10,SG,food,30,0,2026-07-21T10:00:00+00:00,delivered,
H-CLEAN-10-11,U10,D0,V2,DEV10,SG,food,30,1,2026-07-23T10:00:00+00:00,delivered,quality
H-CLEAN-11-0,U11,D1,V3,DEV11,SG,qcommerce,31,0,2026-07-01T11:00:00+00:00,delivered,
H-CLEAN-11-1,U11,D1,V3,DEV11,SG,qcommerce,31,0,2026-07-03T11:00:00+00:00,delivered,
H-CLEAN-11-2,U11,D1,V3,DEV11,SG,qcommerce,31,0,2026-07-05T11:00:00+00:00,delivered,
H-CLEAN-11-3,U11,D1,V3,DEV11,SG,qcommerce,31,0,2026-07-07T11:00:00+00:00,delivered,
H-CLEAN-11-4,U11,D1,V3,DEV11,SG,qcommerce,31,0,2026-07-09T11:00:00+00:00,delivered,
H-CLEAN-11-5,U11,D1,V3,DEV11,SG,qcommerce,31,0,2026-07-11T11:00:00+00:00,delivered,
H-CLEAN-11-6,U11,D1,V3,DEV11,SG,qcommerce,31,0,2026-07-13T11:00:00+00:00,delivered,
H-CLEAN-11-7,U11,D1,V3,DEV11,SG,qcommerce,31,0,2026-07-15T11:00:00+00:00,delivered,
H-CLEAN-11-8,U11,D1,V3,DEV11,SG,qcommerce,31,0,2026-07-17T11:00:00+00:00,delivered,
H-CLEAN-11-9,U11,D1,V3,DEV11,SG,qcommerce,31,0,2026-07-19T11:00:00+00:00,delivered,
H-CLEAN-11-10,U11,D1,V3,DEV11,SG,qcommerce,31,0,2026-07-21T11:00:00+00:00,delivered,
H-CLEAN-11-11,U11,D1,V3,DEV11,SG,qcommerce,31,0,2026-07-23T11:00:00+00:00,delivered,
H-CLEAN-12-0,U12,D2,V0,DEV12,SG,food,32,0,2026-07-01T12:00:00+00:00,delivered,
H-CLEAN-12-1,U12,D2,V0,DEV12,SG,food,32,0,2026-07-03T12:00:00+00:00,delivered,
H-CLEAN-12-2,U12,D2,V0,DEV12,SG,food,32,0,2026-07-05T12:00:00+00:00,delivered,
H-CLEAN-12-3,U12,D2,V0,DEV12,SG,food,32,0,2026-07-07T12:00:00+00:00,delivered,
H-CLEAN-12-4,U12,D2,V0,DEV12,SG,food,32,0,2026-07-09T12:00:00+00:00,delivered,
H-CLEAN-12-5,U12,D2,V0,DEV12,SG,food,32,0,2026-07-11T12:00:00+00:00,delivered,
H-CLEAN-12-6,U12,D2,V0,DEV12,SG,food,32,0,2026-07-13T12:00:00+00:00,delivered,
H-CLEAN-12-7,U12,D2,V0,DEV12,SG,food,32,0,2026-07-15T12:00:00+00:00,delivered,
H-CLEAN-12-8,U12,D2,V0,DEV12,SG,food,32,0,2026-07-17T12:00:00+00:00,delivered,
H-CLEAN-12-9,U12,D2,V0,DEV12,SG,food,32,0,2026-07-19T12:00:00+00:00,delivered,
H-CLEAN-12-10,U12,D2,V0,DEV12,SG,food,32,0,2026-07-21T12:00:00+00:00,delivered,
H-CLEAN-12-11,U12,D2,V0,DEV12,SG,food,32,0,2026-07-23T12:00:00+00:00,delivered,
H-CLEAN-13-0,U13,D3,V1,DEV13,SG,qcommerce,33,0,2026-07-01T13:00:00+00:00,delivered,
H-CLEAN-13-1,U13,D3,V1,DEV13,SG,qcommerce,33,0,2026-07-03T13:00:00+00:00,delivered,
H-CLEAN-13-2,U13,D3,V1,DEV13,SG,qcommerce,33,0,2026-07-05T13:00:00+00:00,delivered,
H-CLEAN-13-3,U13,D3,V1,DEV13,SG,qcommerce,33,0,2026-07-07T13:00:00+00:00,delivered,
H-CLEAN-13-4,U13,D3,V1,DEV13,SG,qcommerce,33,0,2026-07-09T13:00:00+00:00,delivered,
H-CLEAN-13-5,U13,D3,V1,DEV13,SG,qcommerce,33,0,2026-07-11T13:00:00+00:00,delivered,
H-CLEAN-13-6,U13,D3,V1,DEV13,SG,qcommerce,33,0,2026-07-13T13:00:00+00:00,delivered,
H-CLEAN-13-7,U13,D3,V1,DEV13,SG,qcommerce,33,0,2026-07-15T13:00:00+00:00,delivered,
H-CLEAN-13-8,U13,D3,V1,DEV13,SG,qcommerce,33,0,2026-07-17T13:00:00+00:00,delivered,
H-CLEAN-13-9,U13,D3,V1,DEV13,SG,qcommerce,33,0,2026-07-19T13:00:00+00:00,delivered,
H-CLEAN-13-10,U13,D3,V1,DEV13,SG,qcommerce,33,0,2026-07-21T13:00:00+00:00,delivered,
H-CLEAN-13-11,U13,D3,V1,DEV13,SG,qcommerce,33,0,2026-07-23T13:00:00+00:00,delivered,
H-CLEAN-14-0,U14,D4,V2,DEV14,SG,food,34,0,2026-07-01T14:00:00+00:00,delivered,
H-CLEAN-14-1,U14,D4,V2,DEV14,SG,food,34,0,2026-07-03T14:00:00+00:00,delivered,
H-CLEAN-14-2,U14,D4,V2,DEV14,SG,food,34,0,2026-07-05T14:00:00+00:00,delivered,
H-CLEAN-14-3,U14,D4,V2,DEV14,SG,food,34,0,2026-07-07T14:00:00+00:00,delivered,
H-CLEAN-14-4,U14,D4,V2,DEV14,SG,food,34,0,2026-07-09T14:00:00+00:00,delivered,
H-CLEAN-14-5,U14,D4,V2,DEV14,SG,food,34,0,2026-07-11T14:00:00+00:00,delivered,
H-CLEAN-14-6,U14,D4,V2,DEV14,SG,food,34,0,2026-07-13T14:00:00+00:00,delivered,
H-CLEAN-14-7,U14,D4,V2,DEV14,SG,food,34,0,2026-07-15T14:00:00+00:00,delivered,
H-CLEAN-14-8,U14,D4,V2,DEV14,SG,food,34,0,2026-07-17T14:00:00+00:00,delivered,
H-CLEAN-14-9,U14,D4,V2,DEV14,SG,food,34,0,2026-07-19T14:00:00+00:00,delivered,
H-CLEAN-14-10,U14,D4,V2,DEV14,SG,food,34,0,2026-07-21T14:00:00+00:00,delivered,
H-CLEAN-14-11,U14,D4,V2,DEV14,SG,food,34,0,2026-07-23T14:00:00+00:00,delivered,
H-CLEAN-15-0,U15,D0,V3,DEV15,SG,qcommerce,35,0,2026-07-01T15:00:00+00:00,delivered,
H-CLEAN-15-1,U15,D0,V3,DEV15,SG,qcommerce,35,0,2026-07-03T15:00:00+00:00,delivered,
H-CLEAN-15-2,U15,D0,V3,DEV15,SG,qcommerce,35,0,2026-07-05T15:00:00+00:00,delivered,
H-CLEAN-15-3,U15,D0,V3,DEV15,SG,qcommerce,35,0,2026-07-07T15:00:00+00:00,delivered,
H-CLEAN-15-4,U15,D0,V3,DEV15,SG,qcommerce,35,0,2026-07-09T15:00:00+00:00,delivered,
H-CLEAN-15-5,U15,D0,V3,DEV15,SG,qcommerce,35,0,2026-07-11T15:00:00+00:00,delivered,
H-CLEAN-15-6,U15,D0,V3,DEV15,SG,qcommerce,35,0,2026-07-13T15:00:00+00:00,delivered,
H-CLEAN-15-7,U15,D0,V3,DEV15,SG,qcommerce,35,0,2026-07-15T15:00:00+00:00,delivered,
H-CLEAN-15-8,U15,D0,V3,DEV15,SG,qcommerce,35,0,2026-07-17T15:00:00+00:00,delivered,
H-CLEAN-15-9,U15,D0,V3,DEV15,SG,qcommerce,35,0,2026-07-19T15:00:00+00:00,delivered,
H-CLEAN-15-10,U15,D0,V3,DEV15,SG,qcommerce,35,0,2026-07-21T15:00:00+00:00,delivered,
H-CLEAN-15-11,U15,D0,V3,DEV15,SG,qcommerce,35,0,2026-07-23T15:00:00+00:00,delivered,
H-CLEAN-16-0,U16,D1,V0,DEV16,SG,food,36,0,2026-07-01T16:00:00+00:00,delivered,
H-CLEAN-16-1,U16,D1,V0,DEV16,SG,food,36,0,2026-07-03T16:00:00+00:00,delivered,
H-CLEAN-16-2,U16,D1,V0,DEV16,SG,food,36,0,2026-07-05T16:00:00+00:00,delivered,
H-CLEAN-16-3,U16,D1,V0,DEV16,SG,food,36,0,2026-07-07T16:00:00+00:00,delivered,
H-CLEAN-16-4,U16,D1,V0,DEV16,SG,food,36,0,2026-07-09T16:00:00+00:00,delivered,
H-CLEAN-16-5,U16,D1,V0,DEV16,SG,food,36,0,2026-07-11T16:00:00+00:00,delivered,
H-CLEAN-16-6,U16,D1,V0,DEV16,SG,food,36,0,2026-07-13T16:00:00+00:00,delivered,
H-CLEAN-16-7,U16,D1,V0,DEV16,SG,food,36,0,2026-07-15T16:00:00+00:00,delivered,
H-CLEAN-16-8,U16,D1,V0,DEV16,SG,food,36,0,2026-07-17T16:00:00+00:00,delivered,
H-CLEAN-16-9,U16,D1,V0,DEV16,SG,food,36,0,2026-07-19T16:00:00+00:00,delivered,
H-CLEAN-16-10,U16,D1,V0,DEV16,SG,food,36,0,2026-07-21T16:00:00+00:00,delivered,
H-CLEAN-16-11,U16,D1,V0,DEV16,SG,food,36,0,2026-07-23T16:00:00+00:00,delivered,
H-CLEAN-17-0,U17,D2,V1,DEV17,SG,qcommerce,37,0,2026-07-01T17:00:00+00:00,delivered,
H-CLEAN-17-1,U17,D2,V1,DEV17,SG,qcommerce,37,0,2026-07-03T17:00:00+00:00,delivered,
H-CLEAN-17-2,U17,D2,V1,DEV17,SG,qcommerce,37,0,2026-07-05T17:00:00+00:00,delivered,
H-CLEAN-17-3,U17,D2,V1,DEV17,SG,qcommerce,37,0,2026-07-07T17:00:00+00:00,delivered,
H-CLEAN-17-4,U17,D2,V1,DEV17,SG,qcommerce,37,0,2026-07-09T17:00:00+00:00,delivered,
H-CLEAN-17-5,U17,D2,V1,DEV17,SG,qcommerce,37,0,2026-07-11T17:00:00+00:00,delivered,
H-CLEAN-17-6,U17,D2,V1,DEV17,SG,qcommerce,37,0,2026-07-13T17:00:00+00:00,delivered,
H-CLEAN-17-7,U17,D2,V1,DEV17,SG,qcommerce,37,0,2026-07-15T17:00:00+00:00,delivered,
H-CLEAN-17-8,U17,D2,V1,DEV17,SG,qcommerce,37,0,2026-07-17T17:00:00+00:00,delivered,
H-CLEAN-17-9,U17,D2,V1,DEV17,SG,qcommerce,37,0,2026-07-19T17:00:00+00:00,delivered,
H-CLEAN-17-10,U17,D2,V1,DEV17,SG,qcommerce,37,0,2026-07-21T17:00:00+00:00,delivered,
H-CLEAN-17-11,U17,D2,V1,DEV17,SG,qcommerce,37,0,2026-07-23T17:00:00+00:00,delivered,
H-CLEAN-18-0,U18,D3,V2,DEV18,SG,food,38,0,2026-07-01T18:00:00+00:00,delivered,
H-CLEAN-18-1,U18,D3,V2,DEV18,SG,food,38,0,2026-07-03T18:00:00+00:00,delivered,
H-CLEAN-18-2,U18,D3,V2,DEV18,SG,food,38,0,2026-07-05T18:00:00+00:00,delivered,
H-CLEAN-18-3,U18,D3,V2,DEV18,SG,food,38,0,2026-07-07T18:00:00+00:00,delivered,
H-CLEAN-18-4,U18,D3,V2,DEV18,SG,food,38,0,2026-07-09T18:00:00+00:00,delivered,
H-CLEAN-18-5,U18,D3,V2,DEV18,SG,food,38,0,2026-07-11T18:00:00+00:00,delivered,
H-CLEAN-18-6,U18,D3,V2,DEV18,SG,food,38,0,2026-07-13T18:00:00+00:00,delivered,
H-CLEAN-18-7,U18,D3,V2,DEV18,SG,food,38,0,2026-07-15T18:00:00+00:00,delivered,
H-CLEAN-18-8,U18,D3,V2,DEV18,SG,food,38,0,2026-07-17T18:00:00+00:00,delivered,
H-CLEAN-18-9,U18,D3,V2,DEV18,SG,food,38,0,2026-07-19T18:00:00+00:00,delivered,
H-CLEAN-18-10,U18,D3,V2,DEV18,SG,food,38,0,2026-07-21T18:00:00+00:00,delivered,
H-CLEAN-18-11,U18,D3,V2,DEV18,SG,food,38,0,2026-07-23T18:00:00+00:00,delivered,
H-CLEAN-19-0,U19,D4,V3,DEV19,SG,qcommerce,39,0,2026-07-01T19:00:00+00:00,delivered,
H-CLEAN-19-1,U19,D4,V3,DEV19,SG,qcommerce,39,0,2026-07-03T19:00:00+00:00,delivered,
H-CLEAN-19-2,U19,D4,V3,DEV19,SG,qcommerce,39,0,2026-07-05T19:00:00+00:00,delivered,
H-CLEAN-19-3,U19,D4,V3,DEV19,SG,qcommerce,39,0,2026-07-07T19:00:00+00:00,delivered,
H-CLEAN-19-4,U19,D4,V3,DEV19,SG,qcommerce,39,0,2026-07-09T19:00:00+00:00,delivered,
H-CLEAN-19-5,U19,D4,V3,DEV19,SG,qcommerce,39,0,2026-07-11T19:00:00+00:00,delivered,
H-CLEAN-19-6,U19,D4,V3,DEV19,SG,qcommerce,39,0,2026-07-13T19:00:00+00:00,delivered,
H-CLEAN-19-7,U19,D4,V3,DEV19,SG,qcommerce,39,0,2026-07-15T19:00:00+00:00,delivered,
H-CLEAN-19-8,U19,D4,V3,DEV19,SG,qcommerce,39,0,2026-07-17T19:00:00+00:00,delivered,
H-CLEAN-19-9,U19,D4,V3,DEV19,SG,qcommerce,39,0,2026-07-19T19:00:00+00:00,delivered,
H-CLEAN-19-10,U19,D4,V3,DEV19,SG,qcommerce,39,0,2026-07-21T19:00:00+00:00,delivered,
H-CLEAN-19-11,U19,D4,V3,DEV19,SG,qcommerce,39,0,2026-07-23T19:00:00+00:00,delivered,
H-ABUSE-0-0,UA0,DA0,VA0,DEVA0,SG,food,40,0,2026-07-01T00:00:00+00:00,delivered,
H-ABUSE-0-1,UA0,DA0,VA0,DEVA0,SG,food,41,0,2026-07-02T00:00:00+00:00,delivered,
H-ABUSE-0-2,UA0,DA0,VA0,DEVA0,SG,food,42,0,2026-07-03T00:00:00+00:00,delivered,
H-ABUSE-0-3,UA0,DA0,VA0,DEVA0,SG,food,43,1,2026-07-04T00:00:00+00:00,delivered,missing_item
H-ABUSE-0-4,UA0,DA0,VA0,DEVA0,SG,food,44,1,2026-07-05T00:00:00+00:00,delivered,missing_item
H-ABUSE-0-5,UA0,DA0,VA0,DEVA0,SG,food,45,1,2026-07-06T00:00:00+00:00,delivered,missing_item
H-ABUSE-0-6,UA0,DA0,VA0,DEVA0,SG,food,46,1,2026-07-07T00:00:00+00:00,delivered,missing_item
H-ABUSE-0-7,UA0,DA0,VA0,DEVA0,SG,food,47,1,2026-07-08T00:00:00+00:00,delivered,missing_item
H-ABUSE-0-8,UA0,DA0,VA0,DEVA0,SG,food,48,1,2026-07-09T00:00:00+00:00,delivered,missing_item
H-ABUSE-0-9,UA0,DA0,VA0,DEVA0,SG,food,49,1,2026-07-10T00:00:00+00:00,delivered,missing_item
H-ABUSE-1-0,UA1,DA1,VA1,DEVA1,SG,food,40,0,2026-07-01T01:00:00+00:00,delivered,
H-ABUSE-1-1,UA1,DA1,VA1,DEVA1,SG,food,41,0,2026-07-02T01:00:00+00:00,delivered,
H-ABUSE-1-2,UA1,DA1,VA1,DEVA1,SG,food,42,0,2026-07-03T01:00:00+00:00,delivered,
H-ABUSE-1-3,UA1,DA1,VA1,DEVA1,SG,food,43,1,2026-07-04T01:00:00+00:00,delivered,missing_item
H-ABUSE-1-4,UA1,DA1,VA1,DEVA1,SG,food,44,1,2026-07-05T01:00:00+00:00,delivered,missing_item
H-ABUSE-1-5,UA1,DA1,VA1,DEVA1,SG,food,45,1,2026-07-06T01:00:00+00:00,delivered,missing_item
H-ABUSE-1-6,UA1,DA1,VA1,DEVA1,SG,food,46,1,2026-07-07T01:00:00+00:00,delivered,missing_item
H-ABUSE-1-7,UA1,DA1,VA1,DEVA1,SG,food,47,1,2026-07-08T01:00:00+00:00,delivered,missing_item
H-ABUSE-1-8,UA1,DA1,VA1,DEVA1,SG,food,48,1,2026-07-09T01:00:00+00:00,delivered,missing_item
H-ABUSE-1-9,UA1,DA1,VA1,DEVA1,SG,food,49,1,2026-07-10T01:00:00+00:00,delivered,missing_item
H-ABUSE-2-0,UA2,DA2,VA2,DEVA2,SG,food,40,0,2026-07-01T02:00:00+00:00,delivered,
H-ABUSE-2-1,UA2,DA2,VA2,DEVA2,SG,food,41,0,2026-07-02T02:00:00+00:00,delivered,
H-ABUSE-2-2,UA2,DA2,VA2,DEVA2,SG,food,42,0,2026-07-03T02:00:00+00:00,delivered,
H-ABUSE-2-3,UA2,DA2,VA2,DEVA2,SG,food,43,1,2026-07-04T02:00:00+00:00,delivered,missing_item
H-ABUSE-2-4,UA2,DA2,VA2,DEVA2,SG,food,44,1,2026-07-05T02:00:00+00:00,delivered,missing_item
H-ABUSE-2-5,UA2,DA2,VA2,DEVA2,SG,food,45,1,2026-07-06T02:00:00+00:00,delivered,missing_item
H-ABUSE-2-6,UA2,DA2,VA2,DEVA2,SG,food,46,1,2026-07-07T02:00:00+00:00,delivered,missing_item
H-ABUSE-2-7,UA2,DA2,VA2,DEVA2,SG,food,47,1,2026-07-08T02:00:00+00:00,delivered,missing_item
H-ABUSE-2-8,UA2,DA2,VA2,DEVA2,SG,food,48,1,2026-07-09T02:00:00+00:00,delivered,missing_item
H-ABUSE-2-9,UA2,DA2,VA2,DEVA2,SG,food,49,1,2026-07-10T02:00:00+00:00,delivered,missing_item
H-ABUSE-3-0,UA3,DA0,VA0,DEVA3,SG,food,40,0,2026-07-01T03:00:00+00:00,delivered,
H-ABUSE-3-1,UA3,DA0,VA0,DEVA3,SG,food,41,0,2026-07-02T03:00:00+00:00,delivered,
H-ABUSE-3-2,UA3,DA0,VA0,DEVA3,SG,food,42,0,2026-07-03T03:00:00+00:00,delivered,
H-ABUSE-3-3,UA3,DA0,VA0,DEVA3,SG,food,43,1,2026-07-04T03:00:00+00:00,delivered,missing_item
H-ABUSE-3-4,UA3,DA0,VA0,DEVA3,SG,food,44,1,2026-07-05T03:00:00+00:00,delivered,missing_item
H-ABUSE-3-5,UA3,DA0,VA0,DEVA3,SG,food,45,1,2026-07-06T03:00:00+00:00,delivered,missing_item
H-ABUSE-3-6,UA3,DA0,VA0,DEVA3,SG,food,46,1,2026-07-07T03:00:00+00:00,delivered,missing_item
H-ABUSE-3-7,UA3,DA0,VA0,DEVA3,SG,food,47,1,2026-07-08T03:00:00+00:00,delivered,missing_item
H-ABUSE-3-8,UA3,DA0,VA0,DEVA3,SG,food,48,1,2026-07-09T03:00:00+00:00,delivered,missing_item
H-ABUSE-3-9,UA3,DA0,VA0,DEVA3,SG,food,49,1,2026-07-10T03:00:00+00:00,delivered,missing_item
H-ABUSE-4-0,UA4,DA1,VA1,DEVA4,SG,food,40,0,2026-07-01T04:00:00+00:00,delivered,
H-ABUSE-4-1,UA4,DA1,VA1,DEVA4,SG,food,41,0,2026-07-02T04:00:00+00:00,delivered,
H-ABUSE-4-2,UA4,DA1,VA1,DEVA4,SG,food,42,0,2026-07-03T04:00:00+00:00,delivered,
H-ABUSE-4-3,UA4,DA1,VA1,DEVA4,SG,food,43,1,2026-07-04T04:00:00+00:00,delivered,missing_item
H-ABUSE-4-4,UA4,DA1,VA1,DEVA4,SG,food,44,1,2026-07-05T04:00:00+00:00,delivered,missing_item
H-ABUSE-4-5,UA4,DA1,VA1,DEVA4,SG,food,45,1,2026-07-06T04:00:00+00:00,delivered,missing_item
H-ABUSE-4-6,UA4,DA1,VA1,DEVA4,SG,food,46,1,2026-07-07T04:00:00+00:00,delivered,missing_item
H-ABUSE-4-7,UA4,DA1,VA1,DEVA4,SG,food,47,1,2026-07-08T04:00:00+00:00,delivered,missing_item
H-ABUSE-4-8,UA4,DA1,VA1,DEVA4,SG,food,48,1,2026-07-09T04:00:00+00:00,delivered,missing_item
H-ABUSE-4-9,UA4,DA1,VA1,DEVA4,SG,food,49,1,2026-07-10T04:00:00+00:00,delivered,missing_item
H-ABUSE-5-0,UA5,DA2,VA2,DEVA5,SG,food,40,0,2026-07-01T05:00:00+00:00,delivered,
H-ABUSE-5-1,UA5,DA2,VA2,DEVA5,SG,food,41,0,2026-07-02T05:00:00+00:00,delivered,
H-ABUSE-5-2,UA5,DA2,VA2,DEVA5,SG,food,42,0,2026-07-03T05:00:00+00:00,delivered,
H-ABUSE-5-3,UA5,DA2,VA2,DEVA5,SG,food,43,1,2026-07-04T05:00:00+00:00,delivered,missing_item
H-ABUSE-5-4,UA5,DA2,VA2,DEVA5,SG,food,44,1,2026-07-05T05:00:00+00:00,delivered,missing_item
H-ABUSE-5-5,UA5,DA2,VA2,DEVA5,SG,food,45,1,2026-07-06T05:00:00+00:00,delivered,missing_item
H-ABUSE-5-6,UA5,DA2,VA2,DEVA5,SG,food,46,1,2026-07-07T05:00:00+00:00,delivered,missing_item
H-ABUSE-5-7,UA5,DA2,VA2,DEVA5,SG,food,47,1,2026-07-08T05:00:00+00:00,delivered,missing_item
H-ABUSE-5-8,UA5,DA2,VA2,DEVA5,SG,food,48,1,2026-07-09T05:00:00+00:00,delivered,missing_item
H-ABUSE-5-9,UA5,DA2,VA2,DEVA5,SG,food,49,1,2026-07-10T05:00:00+00:00,delivered,missing_item
H-ABUSE-6-0,UA6,DA0,VA0,DEVA6,SG,food,40,0,2026-07-01T06:00:00+00:00,delivered,
H-ABUSE-6-1,UA6,DA0,VA0,DEVA6,SG,food,41,0,2026-07-02T06:00:00+00:00,delivered,
H-ABUSE-6-2,UA6,DA0,VA0,DEVA6,SG,food,42,0,2026-07-03T06:00:00+00:00,delivered,
H-ABUSE-6-3,UA6,DA0,VA0,DEVA6,SG,food,43,1,2026-07-04T06:00:00+00:00,delivered,missing_item
H-ABUSE-6-4,UA6,DA0,VA0,DEVA6,SG,food,44,1,2026-07-05T06:00:00+00:00,delivered,missing_item
H-ABUSE-6-5,UA6,DA0,VA0,DEVA6,SG,food,45,1,2026-07-06T06:00:00+00:00,delivered,missing_item
H-ABUSE-6-6,UA6,DA0,VA0,DEVA6,SG,food,46,1,2026-07-07T06:00:00+00:00,delivered,missing_item
H-ABUSE-6-7,UA6,DA0,VA0,DEVA6,SG,food,47,1,2026-07-08T06:00:00+00:00,delivered,missing_item
H-ABUSE-6-8,UA6,DA0,VA0,DEVA6,SG,food,48,1,2026-07-09T06:00:00+00:00,delivered,missing_item
H-ABUSE-6-9,UA6,DA0,VA0,DEVA6,SG,food,49,1,2026-07-10T06:00:00+00:00,delivered,missing_item
H-ABUSE-7-0,UA7,DA1,VA1,DEVA7,SG,food,40,0,2026-07-01T07:00:00+00:00,delivered,
H-ABUSE-7-1,UA7,DA1,VA1,DEVA7,SG,food,41,0,2026-07-02T07:00:00+00:00,delivered,
H-ABUSE-7-2,UA7,DA1,VA1,DEVA7,SG,food,42,0,2026-07-03T07:00:00+00:00,delivered,
H-ABUSE-7-3,UA7,DA1,VA1,DEVA7,SG,food,43,1,2026-07-04T07:00:00+00:00,delivered,missing_item
H-ABUSE-7-4,UA7,DA1,VA1,DEVA7,SG,food,44,1,2026-07-05T07:00:00+00:00,delivered,missing_item
H-ABUSE-7-5,UA7,DA1,VA1,DEVA7,SG,food,45,1,2026-07-06T07:00:00+00:00,delivered,missing_item
H-ABUSE-7-6,UA7,DA1,VA1,DEVA7,SG,food,46,1,2026-07-07T07:00:00+00:00,delivered,missing_item
H-ABUSE-7-7,UA7,DA1,VA1,DEVA7,SG,food,47,1,2026-07-08T07:00:00+00:00,delivered,missing_item
H-ABUSE-7-8,UA7,DA1,VA1,DEVA7,SG,food,48,1,2026-07-09T07:00:00+00:00,delivered,missing_item
H-ABUSE-7-9,UA7,DA1,VA1,DEVA7,SG,food,49,1,2026-07-10T07:00:00+00:00,delivered,missing_item
H-ABUSE-8-0,UA8,DA2,VA2,DEVA8,SG,food,40,0,2026-07-01T08:00:00+00:00,delivered,
H-ABUSE-8-1,UA8,DA2,VA2,DEVA8,SG,food,41,0,2026-07-02T08:00:00+00:00,delivered,
H-ABUSE-8-2,UA8,DA2,VA2,DEVA8,SG,food,42,0,2026-07-03T08:00:00+00:00,delivered,
H-ABUSE-8-3,UA8,DA2,VA2,DEVA8,SG,food,43,1,2026-07-04T08:00:00+00:00,delivered,missing_item
H-ABUSE-8-4,UA8,DA2,VA2,DEVA8,SG,food,44,1,2026-07-05T08:00:00+00:00,delivered,missing_item
H-ABUSE-8-5,UA8,DA2,VA2,DEVA8,SG,food,45,1,2026-07-06T08:00:00+00:00,delivered,missing_item
H-ABUSE-8-6,UA8,DA2,VA2,DEVA8,SG,food,46,1,2026-07-07T08:00:00+00:00,delivered,missing_item
H-ABUSE-8-7,UA8,DA2,VA2,DEVA8,SG,food,47,1,2026-07-08T08:00:00+00:00,delivered,missing_item
H-ABUSE-8-8,UA8,DA2,VA2,DEVA8,SG,food,48,1,2026-07-09T08:00:00+00:00,delivered,missing_item
H-ABUSE-8-9,UA8,DA2,VA2,DEVA8,SG,food,49,1,2026-07-10T08:00:00+00:00,delivered,missing_item
H-ABUSE-9-0,UA9,DA0,VA0,DEVA9,SG,food,40,0,2026-07-01T09:00:00+00:00,delivered,
H-ABUSE-9-1,UA9,DA0,VA0,DEVA9,SG,food,41,0,2026-07-02T09:00:00+00:00,delivered,
H-ABUSE-9-2,UA9,DA0,VA0,DEVA9,SG,food,42,0,2026-07-03T09:00:00+00:00,delivered,
H-ABUSE-9-3,UA9,DA0,VA0,DEVA9,SG,food,43,1,2026-07-04T09:00:00+00:00,delivered,missing_item
H-ABUSE-9-4,UA9,DA0,VA0,DEVA9,SG,food,44,1,2026-07-05T09:00:00+00:00,delivered,missing_item
H-ABUSE-9-5,UA9,DA0,VA0,DEVA9,SG,food,45,1,2026-07-06T09:00:00+00:00,delivered,missing_item
H-ABUSE-9-6,UA9,DA0,VA0,DEVA9,SG,food,46,1,2026-07-07T09:00:00+00:00,delivered,missing_item
H-ABUSE-9-7,UA9,DA0,VA0,DEVA9,SG,food,47,1,2026-07-08T09:00:00+00:00,delivered,missing_item
H-ABUSE-9-8,UA9,DA0,VA0,DEVA9,SG,food,48,1,2026-07-09T09:00:00+00:00,delivered,missing_item
H-ABUSE-9-9,UA9,DA0,VA0,DEVA9,SG,food,49,1,2026-07-10T09:00:00+00:00,delivered,missing_item
H-ABUSE-10-0,UA10,DA1,VA1,DEVA10,SG,food,40,0,2026-07-01T10:00:00+00:00,delivered,
H-ABUSE-10-1,UA10,DA1,VA1,DEVA10,SG,food,41,0,2026-07-02T10:00:00+00:00,delivered,
H-ABUSE-10-2,UA10,DA1,VA1,DEVA10,SG,food,42,0,2026-07-03T10:00:00+00:00,delivered,
H-ABUSE-10-3,UA10,DA1,VA1,DEVA10,SG,food,43,1,2026-07-04T10:00:00+00:00,delivered,missing_item
H-ABUSE-10-4,UA10,DA1,VA1,DEVA10,SG,food,44,1,2026-07-05T10:00:00+00:00,delivered,missing_item
H-ABUSE-10-5,UA10,DA1,VA1,DEVA10,SG,food,45,1,2026-07-06T10:00:00+00:00,delivered,missing_item
H-ABUSE-10-6,UA10,DA1,VA1,DEVA10,SG,food,46,1,2026-07-07T10:00:00+00:00,delivered,missing_item
H-ABUSE-10-7,UA10,DA1,VA1,DEVA10,SG,food,47,1,2026-07-08T10:00:00+00:00,delivered,missing_item
H-ABUSE-10-8,UA10,DA1,VA1,DEVA10,SG,food,48,1,2026-07-09T10:00:00+00:00,delivered,missing_item
H-ABUSE-10-9,UA10,DA1,VA1,DEVA10,SG,food,49,1,2026-07-10T10:00:00+00:00,delivered,missing_item
H-ABUSE-11-0,UA11,DA2,VA2,DEVA11,SG,food,40,0,2026-07-01T11:00:00+00:00,delivered,
H-ABUSE-11-1,UA11,DA2,VA2,DEVA11,SG,food,41,0,2026-07-02T11:00:00+00:00,delivered,
H-ABUSE-11-2,UA11,DA2,VA2,DEVA11,SG,food,42,0,2026-07-03T11:00:00+00:00,delivered,
H-ABUSE-11-3,UA11,DA2,VA2,DEVA11,SG,food,43,1,2026-07-04T11:00:00+00:00,delivered,missing_item
H-ABUSE-11-4,UA11,DA2,VA2,DEVA11,SG,food,44,1,2026-07-05T11:00:00+00:00,delivered,missing_item
H-ABUSE-11-5,UA11,DA2,VA2,DEVA11,SG,food,45,1,2026-07-06T11:00:00+00:00,delivered,missing_item
H-ABUSE-11-6,UA11,DA2,VA2,DEVA11,SG,food,46,1,2026-07-07T11:00:00+00:00,delivered,missing_item
H-ABUSE-11-7,UA11,DA2,VA2,DEVA11,SG,food,47,1,2026-07-08T11:00:00+00:00,delivered,missing_item
H-ABUSE-11-8,UA11,DA2,VA2,DEVA11,SG,food,48,1,2026-07-09T11:00:00+00:00,delivered,missing_item
H-ABUSE-11-9,UA11,DA2,VA2,DEVA11,SG,food,49,1,2026-07-10T11:00:00+00:00,delivered,missing_item
H-ABUSE-12-0,UA12,DA0,VA0,DEVA12,SG,food,40,0,2026-07-01T12:00:00+00:00,delivered,
H-ABUSE-12-1,UA12,DA0,VA0,DEVA12,SG,food,41,0,2026-07-02T12:00:00+00:00,delivered,
H-ABUSE-12-2,UA12,DA0,VA0,DEVA12,SG,food,42,0,2026-07-03T12:00:00+00:00,delivered,
H-ABUSE-12-3,UA12,DA0,VA0,DEVA12,SG,food,43,1,2026-07-04T12:00:00+00:00,delivered,missing_item
H-ABUSE-12-4,UA12,DA0,VA0,DEVA12,SG,food,44,1,2026-07-05T12:00:00+00:00,delivered,missing_item
H-ABUSE-12-5,UA12,DA0,VA0,DEVA12,SG,food,45,1,2026-07-06T12:00:00+00:00,delivered,missing_item
H-ABUSE-12-6,UA12,DA0,VA0,DEVA12,SG,food,46,1,2026-07-07T12:00:00+00:00,delivered,missing_item
H-ABUSE-12-7,UA12,DA0,VA0,DEVA12,SG,food,47,1,2026-07-08T12:00:00+00:00,delivered,missing_item
H-ABUSE-12-8,UA12,DA0,VA0,DEVA12,SG,food,48,1,2026-07-09T12:00:00+00:00,delivered,missing_item
H-ABUSE-12-9,UA12,DA0,VA0,DEVA12,SG,food,49,1,2026-07-10T12:00:00+00:00,delivered,missing_item
H-ABUSE-13-0,UA13,DA1,VA1,DEVA13,SG,food,40,0,2026-07-01T13:00:00+00:00,delivered,
H-ABUSE-13-1,UA13,DA1,VA1,DEVA13,SG,food,41,0,2026-07-02T13:00:00+00:00,delivered,
H-ABUSE-13-2,UA13,DA1,VA1,DEVA13,SG,food,42,0,2026-07-03T13:00:00+00:00,delivered,
H-ABUSE-13-3,UA13,DA1,VA1,DEVA13,SG,food,43,1,2026-07-04T13:00:00+00:00,delivered,missing_item
H-ABUSE-13-4,UA13,DA1,VA1,DEVA13,SG,food,44,1,2026-07-05T13:00:00+00:00,delivered,missing_item
H-ABUSE-13-5,UA13,DA1,VA1,DEVA13,SG,food,45,1,2026-07-06T13:00:00+00:00,delivered,missing_item
H-ABUSE-13-6,UA13,DA1,VA1,DEVA13,SG,food,46,1,2026-07-07T13:00:00+00:00,delivered,missing_item
H-ABUSE-13-7,UA13,DA1,VA1,DEVA13,SG,food,47,1,2026-07-08T13:00:00+00:00,delivered,missing_item
H-ABUSE-13-8,UA13,DA1,VA1,DEVA13,SG,food,48,1,2026-07-09T13:00:00+00:00,delivered,missing_item
H-ABUSE-13-9,UA13,DA1,VA1,DEVA13,SG,food,49,1,2026-07-10T13:00:00+00:00,delivered,missing_item
H-ABUSE-14-0,UA14,DA2,VA2,DEVA14,SG,food,40,0,2026-07-01T14:00:00+00:00,delivered,
H-ABUSE-14-1,UA14,DA2,VA2,DEVA14,SG,food,41,0,2026-07-02T14:00:00+00:00,delivered,
H-ABUSE-14-2,UA14,DA2,VA2,DEVA14,SG,food,42,0,2026-07-03T14:00:00+00:00,delivered,
H-ABUSE-14-3,UA14,DA2,VA2,DEVA14,SG,food,43,1,2026-07-04T14:00:00+00:00,delivered,missing_item
H-ABUSE-14-4,UA14,DA2,VA2,DEVA14,SG,food,44,1,2026-07-05T14:00:00+00:00,delivered,missing_item
H-ABUSE-14-5,UA14,DA2,VA2,DEVA14,SG,food,45,1,2026-07-06T14:00:00+00:00,delivered,missing_item
H-ABUSE-14-6,UA14,DA2,VA2,DEVA14,SG,food,46,1,2026-07-07T14:00:00+00:00,delivered,missing_item
H-ABUSE-14-7,UA14,DA2,VA2,DEVA14,SG,food,47,1,2026-07-08T14:00:00+00:00,delivered,missing_item
H-ABUSE-14-8,UA14,DA2,VA2,DEVA14,SG,food,48,1,2026-07-09T14:00:00+00:00,delivered,missing_item
H-ABUSE-14-9,UA14,DA2,VA2,DEVA14,SG,food,49,1,2026-07-10T14:00:00+00:00,delivered,missing_item
H-FRAUD-0-0,UF0,DF0,VF0,DEVF0,SG,food,80,1,2026-07-06T00:00:00+00:00,delivered,wrong_order
H-FRAUD-0-1,UF0,DF0,VF0,DEVF0,SG,food,80,1,2026-07-07T00:00:00+00:00,delivered,wrong_order
H-FRAUD-0-2,UF0,DF0,VF0,DEVF0,SG,food,80,1,2026-07-08T00:00:00+00:00,delivered,wrong_order
H-FRAUD-0-3,UF0,DF0,VF0,DEVF0,SG,food,80,1,2026-07-09T00:00:00+00:00,delivered,wrong_order
H-FRAUD-0-4,UF0,DF0,VF0,DEVF0,SG,food,80,1,2026-07-10T00:00:00+00:00,delivered,wrong_order
H-FRAUD-0-5,UF0,DF0,VF0,DEVF0,SG,food,80,1,2026-07-11T00:00:00+00:00,delivered,wrong_order
H-FRAUD-1-0,UF1,DF0,VF0,DEVF1,SG,food,80,1,2026-07-06T01:00:00+00:00,delivered,wrong_order
H-FRAUD-1-1,UF1,DF0,VF0,DEVF1,SG,food,80,1,2026-07-07T01:00:00+00:00,delivered,wrong_order
H-FRAUD-1-2,UF1,DF0,VF0,DEVF1,SG,food,80,1,2026-07-08T01:00:00+00:00,delivered,wrong_order
H-FRAUD-1-3,UF1,DF0,VF0,DEVF1,SG,food,80,1,2026-07-09T01:00:00+00:00,delivered,wrong_order
H-FRAUD-1-4,UF1,DF0,VF0,DEVF1,SG,food,80,1,2026-07-10T01:00:00+00:00,delivered,wrong_order
H-FRAUD-1-5,UF1,DF0,VF0,DEVF1,SG,food,80,1,2026-07-11T01:00:00+00:00,delivered,wrong_order
H-FRAUD-2-0,UF2,DF0,VF0,DEVF0,SG,food,80,1,2026-07-06T02:00:00+00:00,delivered,wrong_order
H-FRAUD-2-1,UF2,DF0,VF0,DEVF0,SG,food,80,1,2026-07-07T02:00:00+00:00,delivered,wrong_order
H-FRAUD-2-2,UF2,DF0,VF0,DEVF0,SG,food,80,1,2026-07-08T02:00:00+00:00,delivered,wrong_order
H-FRAUD-2-3,UF2,DF0,VF0,DEVF0,SG,food,80,1,2026-07-09T02:00:00+00:00,delivered,wrong_order
H-FRAUD-2-4,UF2,DF0,VF0,DEVF0,SG,food,80,1,2026-07-10T02:00:00+00:00,delivered,wrong_order
H-FRAUD-2-5,UF2,DF0,VF0,DEVF0,SG,food,80,1,2026-07-11T02:00:00+00:00,delivered,wrong_order
H-FRAUD-3-0,UF3,DF0,VF0,DEVF1,SG,food,80,1,2026-07-06T03:00:00+00:00,delivered,wrong_order
H-FRAUD-3-1,UF3,DF0,VF0,DEVF1,SG,food,80,1,2026-07-07T03:00:00+00:00,delivered,wrong_order
H-FRAUD-3-2,UF3,DF0,VF0,DEVF1,SG,food,80,1,2026-07-08T03:00:00+00:00,delivered,wrong_order
H-FRAUD-3-3,UF3,DF0,VF0,DEVF1,SG,food,80,1,2026-07-09T03:00:00+00:00,delivered,wrong_order
H-FRAUD-3-4,UF3,DF0,VF0,DEVF1,SG,food,80,1,2026-07-10T03:00:00+00:00,delivered,wrong_order
H-FRAUD-3-5,UF3,DF0,VF0,DEVF1,SG,food,80,1,2026-07-11T03:00:00+00:00,delivered,wrong_order
H-FRAUD-4-0,UF4,DF0,VF0,DEVF0,SG,food,80,1,2026-07-06T04:00:00+00:00,delivered,wrong_order
H-FRAUD-4-1,UF4,DF0,VF0,DEVF0,SG,food,80,1,2026-07-07T04:00:00+00:00,delivered,wrong_order
H-FRAUD-4-2,UF4,DF0,VF0,DEVF0,SG,food,80,1,2026-07-08T04:00:00+00:00,delivered,wrong_order
H-FRAUD-4-3,UF4,DF0,VF0,DEVF0,SG,food,80,1,2026-07-09T04:00:00+00:00,delivered,wrong_order
H-FRAUD-4-4,UF4,DF0,VF0,DEVF0,SG,food,80,1,2026-07-10T04:00:00+00:00,delivered,wrong_order
H-FRAUD-4-5,UF4,DF0,VF0,DEVF0,SG,food,80,1,2026-07-11T04:00:00+00:00,delivered,wrong_order
H-FRAUD-5-0,UF5,DF0,VF0,DEVF1,SG,food,80,1,2026-07-06T05:00:00+00:00,delivered,wrong_order
H-FRAUD-5-1,UF5,DF0,VF0,DEVF1,SG,food,80,1,2026-07-07T05:00:00+00:00,delivered,wrong_order
H-FRAUD-5-2,UF5,DF0,VF0,DEVF1,SG,food,80,1,2026-07-08T05:00:00+00:00,delivered,wrong_order
H-FRAUD-5-3,UF5,DF0,VF0,DEVF1,SG,food,80,1,2026-07-09T05:00:00+00:00,delivered,wrong_order
H-FRAUD-5-4,UF5,DF0,VF0,DEVF1,SG,food,80,1,2026-07-10T05:00:00+00:00,delivered,wrong_order
H-FRAUD-5-5,UF5,DF0,VF0,DEVF1,SG,food,80,1,2026-07-11T05:00:00+00:00,delivered,wrong_order
H-FRAUD-6-0,UF6,DF0,VF0,DEVF0,SG,food,80,1,2026-07-06T06:00:00+00:00,delivered,wrong_order
H-FRAUD-6-1,UF6,DF0,VF0,DEVF0,SG,food,80,1,2026-07-07T06:00:00+00:00,delivered,wrong_order
H-FRAUD-6-2,UF6,DF0,VF0,DEVF0,SG,food,80,1,2026-07-08T06:00:00+00:00,delivered,wrong_order
H-FRAUD-6-3,UF6,DF0,VF0,DEVF0,SG,food,80,1,2026-07-09T06:00:00+00:00,delivered,wrong_order
H-FRAUD-6-4,UF6,DF0,VF0,DEVF0,SG,food,80,1,2026-07-10T06:00:00+00:00,delivered,wrong_order
H-FRAUD-6-5,UF6,DF0,VF0,DEVF0,SG,food,80,1,2026-07-11T06:00:00+00:00,delivered,wrong_order
H-FRAUD-7-0,UF7,DF0,VF0,DEVF1,SG,food,80,1,2026-07-06T07:00:00+00:00,delivered,wrong_order
H-FRAUD-7-1,UF7,DF0,VF0,DEVF1,SG,food,80,1,2026-07-07T07:00:00+00:00,delivered,wrong_order
H-FRAUD-7-2,UF7,DF0,VF0,DEVF1,SG,food,80,1,2026-07-08T07:00:00+00:00,delivered,wrong_order
H-FRAUD-7-3,UF7,DF0,VF0,DEVF1,SG,food,80,1,2026-07-09T07:00:00+00:00,delivered,wrong_order
H-FRAUD-7-4,UF7,DF0,VF0,DEVF1,SG,food,80,1,2026-07-10T07:00:00+00:00,delivered,wrong_order
H-FRAUD-7-5,UF7,DF0,VF0,DEVF1,SG,food,80,1,2026-07-11T07:00:00+00:00,delivered,wrong_order
H-FRAUD-8-0,UF8,DF0,VF0,DEVF0,SG,food,80,1,2026-07-06T08:00:00+00:00,delivered,wrong_order
H-FRAUD-8-1,UF8,DF0,VF0,DEVF0,SG,food,80,1,2026-07-07T08:00:00+00:00,delivered,wrong_order
H-FRAUD-8-2,UF8,DF0,VF0,DEVF0,SG,food,80,1,2026-07-08T08:00:00+00:00,delivered,wrong_order
H-FRAUD-8-3,UF8,DF0,VF0,DEVF0,SG,food,80,1,2026-07-09T08:00:00+00:00,delivered,wrong_order
H-FRAUD-8-4,UF8,DF0,VF0,DEVF0,SG,food,80,1,2026-07-10T08:00:00+00:00,delivered,wrong_order
H-FRAUD-8-5,UF8,DF0,VF0,DEVF0,SG,food,80,1,2026-07-11T08:00:00+00:00,delivered,wrong_order
H-FRAUD-9-0,UF9,DF0,VF0,DEVF1,SG,food,80,1,2026-07-06T09:00:00+00:00,delivered,wrong_order
H-FRAUD-9-1,UF9,DF0,VF0,DEVF1,SG,food,80,1,2026-07-07T09:00:00+00:00,delivered,wrong_order
H-FRAUD-9-2,UF9,DF0,VF0,DEVF1,SG,food,80,1,2026-07-08T09:00:00+00:00,delivered,wrong_order
H-FRAUD-9-3,UF9,DF0,VF0,DEVF1,SG,food,80,1,2026-07-09T09:00:00+00:00,delivered,wrong_order
H-FRAUD-9-4,UF9,DF0,VF0,DEVF1,SG,food,80,1,2026-07-10T09:00:00+00:00,delivered,wrong_order
H-FRAUD-9-5,UF9,DF0,VF0,DEVF1,SG,food,80,1,2026-07-11T09:00:00+00:00,delivered,wrong_order
H-FRAUD-10-0,UF10,DF0,VF0,DEVF0,SG,food,80,1,2026-07-06T10:00:00+00:00,delivered,wrong_order
H-FRAUD-10-1,UF10,DF0,VF0,DEVF0,SG,food,80,1,2026-07-07T10:00:00+00:00,delivered,wrong_order
H-FRAUD-10-2,UF10,DF0,VF0,DEVF0,SG,food,80,1,2026-07-08T10:00:00+00:00,delivered,wrong_order
H-FRAUD-10-3,UF10,DF0,VF0,DEVF0,SG,food,80,1,2026-07-09T10:00:00+00:00,delivered,wrong_order
H-FRAUD-10-4,UF10,DF0,VF0,DEVF0,SG,food,80,1,2026-07-10T10:00:00+00:00,delivered,wrong_order
H-FRAUD-10-5,UF10,DF0,VF0,DEVF0,SG,food,80,1,2026-07-11T10:00:00+00:00,delivered,wrong_order
H-FRAUD-11-0,UF11,DF0,VF0,DEVF1,SG,food,80,1,2026-07-06T11:00:00+00:00,delivered,wrong_order
H-FRAUD-11-1,UF11,DF0,VF0,DEVF1,SG,food,80,1,2026-07-07T11:00:00+00:00,delivered,wrong_order
H-FRAUD-11-2,UF11,DF0,VF0,DEVF1,SG,food,80,1,2026-07-08T11:00:00+00:00,delivered,wrong_order
H-FRAUD-11-3,UF11,DF0,VF0,DEVF1,SG,food,80,1,2026-07-09T11:00:00+00:00,delivered,wrong_order
H-FRAUD-11-4,UF11,DF0,VF0,DEVF1,SG,food,80,1,2026-07-10T11:00:00+00:00,delivered,wrong_order
H-FRAUD-11-5,UF11,DF0,VF0,DEVF1,SG,food,80,1,2026-07-11T11:00:00+00:00,delivered,wrong_order
H-PROXY-0-0,UP0,DP0,VP0,DEVP0,ID,qcommerce,30,0,2026-07-09T00:00:00+00:00,delivered,missing_item
H-PROXY-0-1,UP0,DP0,VP0,DEVP0,ID,qcommerce,30,1,2026-07-10T00:00:00+00:00,delivered,missing_item
H-PROXY-0-2,UP0,DP0,VP0,DEVP0,ID,qcommerce,30,1,2026-07-11T00:00:00+00:00,delivered,missing_item
H-PROXY-0-3,UP0,DP0,VP0,DEVP0,ID,qcommerce,30,1,2026-07-12T00:00:00+00:00,delivered,missing_item
H-PROXY-0-4,UP0,DP0,VP0,DEVP0,ID,qcommerce,30,1,2026-07-13T00:00:00+00:00,delivered,missing_item
H-PROXY-1-0,UP1,DP0,VP0,DEVP1,ID,qcommerce,30,0,2026-07-09T01:00:00+00:00,delivered,missing_item
H-PROXY-1-1,UP1,DP0,VP0,DEVP1,ID,qcommerce,30,1,2026-07-10T01:00:00+00:00,delivered,missing_item
H-PROXY-1-2,UP1,DP0,VP0,DEVP1,ID,qcommerce,30,1,2026-07-11T01:00:00+00:00,delivered,missing_item
H-PROXY-1-3,UP1,DP0,VP0,DEVP1,ID,qcommerce,30,1,2026-07-12T01:00:00+00:00,delivered,missing_item
H-PROXY-1-4,UP1,DP0,VP0,DEVP1,ID,qcommerce,30,1,2026-07-13T01:00:00+00:00,delivered,missing_item
H-PROXY-2-0,UP2,DP0,VP0,DEVP2,ID,qcommerce,30,0,2026-07-09T02:00:00+00:00,delivered,missing_item
H-PROXY-2-1,UP2,DP0,VP0,DEVP2,ID,qcommerce,30,1,2026-07-10T02:00:00+00:00,delivered,missing_item
H-PROXY-2-2,UP2,DP0,VP0,DEVP2,ID,qcommerce,30,1,2026-07-11T02:00:00+00:00,delivered,missing_item
H-PROXY-2-3,UP2,DP0,VP0,DEVP2,ID,qcommerce,30,1,2026-07-12T02:00:00+00:00,delivered,missing_item
H-PROXY-2-4,UP2,DP0,VP0,DEVP2,ID,qcommerce,30,1,2026-07-13T02:00:00+00:00,delivered,missing_item
H-PROXY-3-0,UP3,DP0,VP0,DEVP0,ID,qcommerce,30,0,2026-07-09T03:00:00+00:00,delivered,missing_item
H-PROXY-3-1,UP3,DP0,VP0,DEVP0,ID,qcommerce,30,1,2026-07-10T03:00:00+00:00,delivered,missing_item
H-PROXY-3-2,UP3,DP0,VP0,DEVP0,ID,qcommerce,30,1,2026-07-11T03:00:00+00:00,delivered,missing_item
H-PROXY-3-3,UP3,DP0,VP0,DEVP0,ID,qcommerce,30,1,2026-07-12T03:00:00+00:00,delivered,missing_item
H-PROXY-3-4,UP3,DP0,VP0,DEVP0,ID,qcommerce,30,1,2026-07-13T03:00:00+00:00,delivered,missing_item
H-PROXY-4-0,UP4,DP0,VP0,DEVP1,ID,qcommerce,30,0,2026-07-09T04:00:00+00:00,delivered,missing_item
H-PROXY-4-1,UP4,DP0,VP0,DEVP1,ID,qcommerce,30,1,2026-07-10T04:00:00+00:00,delivered,missing_item
H-PROXY-4-2,UP4,DP0,VP0,DEVP1,ID,qcommerce,30,1,2026-07-11T04:00:00+00:00,delivered,missing_item
H-PROXY-4-3,UP4,DP0,VP0,DEVP1,ID,qcommerce,30,1,2026-07-12T04:00:00+00:00,delivered,missing_item
H-PROXY-4-4,UP4,DP0,VP0,DEVP1,ID,qcommerce,30,1,2026-07-13T04:00:00+00:00,delivered,missing_item
H-PROXY-5-0,UP5,DP0,VP0,DEVP2,ID,qcommerce,30,0,2026-07-09T05:00:00+00:00,delivered,missing_item
H-PROXY-5-1,UP5,DP0,VP0,DEVP2,ID,qcommerce,30,1,2026-07-10T05:00:00+00:00,delivered,missing_item
H-PROXY-5-2,UP5,DP0,VP0,DEVP2,ID,qcommerce,30,1,2026-07-11T05:00:00+00:00,delivered,missing_item
H-PROXY-5-3,UP5,DP0,VP0,DEVP2,ID,qcommerce,30,1,2026-07-12T05:00:00+00:00,delivered,missing_item
H-PROXY-5-4,UP5,DP0,VP0,DEVP2,ID,qcommerce,30,1,2026-07-13T05:00:00+00:00,delivered,missing_item
H-PROXY-6-0,UP6,DP0,VP0,DEVP0,ID,qcommerce,30,0,2026-07-09T06:00:00+00:00,delivered,missing_item
H-PROXY-6-1,UP6,DP0,VP0,DEVP0,ID,qcommerce,30,1,2026-07-10T06:00:00+00:00,delivered,missing_item
H-PROXY-6-2,UP6,DP0,VP0,DEVP0,ID,qcommerce,30,1,2026-07-11T06:00:00+00:00,delivered,missing_item
H-PROXY-6-3,UP6,DP0,VP0,DEVP0,ID,qcommerce,30,1,2026-07-12T06:00:00+00:00,delivered,missing_item
H-PROXY-6-4,UP6,DP0,VP0,DEVP0,ID,qcommerce,30,1,2026-07-13T06:00:00+00:00,delivered,missing_item
H-PROXY-7-0,UP7,DP0,VP0,DEVP1,ID,qcommerce,30,0,2026-07-09T07:00:00+00:00,delivered,missing_item
H-PROXY-7-1,UP7,DP0,VP0,DEVP1,ID,qcommerce,30,1,2026-07-10T07:00:00+00:00,delivered,missing_item
H-PROXY-7-2,UP7,DP0,VP0,DEVP1,ID,qcommerce,30,1,2026-07-11T07:00:00+00:00,delivered,missing_item
H-PROXY-7-3,UP7,DP0,VP0,DEVP1,ID,qcommerce,30,1,2026-07-12T07:00:00+00:00,delivered,missing_item
H-PROXY-7-4,UP7,DP0,VP0,DEVP1,ID,qcommerce,30,1,2026-07-13T07:00:00+00:00,delivered,missing_item
H-PROXY-8-0,UP8,DP0,VP0,DEVP2,ID,qcommerce,30,0,2026-07-09T08:00:00+00:00,delivered,missing_item
H-PROXY-8-1,UP8,DP0,VP0,DEVP2,ID,qcommerce,30,1,2026-07-10T08:00:00+00:00,delivered,missing_item
H-PROXY-8-2,UP8,DP0,VP0,DEVP2,ID,qcommerce,30,1,2026-07-11T08:00:00+00:00,delivered,missing_item
H-PROXY-8-3,UP8,DP0,VP0,DEVP2,ID,qcommerce,30,1,2026-07-12T08:00:00+00:00,delivered,missing_item
H-PROXY-8-4,UP8,DP0,VP0,DEVP2,ID,qcommerce,30,1,2026-07-13T08:00:00+00:00,delivered,missing_item
H-PROXY-9-0,UP9,DP0,VP0,DEVP0,ID,qcommerce,30,0,2026-07-09T09:00:00+00:00,delivered,missing_item
H-PROXY-9-1,UP9,DP0,VP0,DEVP0,ID,qcommerce,30,1,2026-07-10T09:00:00+00:00,delivered,missing_item
H-PROXY-9-2,UP9,DP0,VP0,DEVP0,ID,qcommerce,30,1,2026-07-11T09:00:00+00:00,delivered,missing_item
H-PROXY-9-3,UP9,DP0,VP0,DEVP0,ID,qcommerce,30,1,2026-07-12T09:00:00+00:00,delivered,missing_item
H-PROXY-9-4,UP9,DP0,VP0,DEVP0,ID,qcommerce,30,1,2026-07-13T09:00:00+00:00,delivered,missing_item
H-WEAK-0-0,UW0,DW0,VW0,DEVW0,SG,food,22,0,2026-07-03T00:00:00+00:00,delivered,
H-WEAK-0-1,UW0,DW0,VW0,DEVW0,SG,food,22,0,2026-07-04T00:00:00+00:00,delivered,
H-WEAK-0-2,UW0,DW0,VW0,DEVW0,SG,food,22,0,2026-07-05T00:00:00+00:00,delivered,
H-WEAK-0-3,UW0,DW0,VW0,DEVW0,SG,food,22,1,2026-07-06T00:00:00+00:00,delivered,quality
H-WEAK-1-0,UW1,DW1,VW1,DEVW1,SG,food,22,0,2026-07-03T01:00:00+00:00,delivered,
H-WEAK-1-1,UW1,DW1,VW1,DEVW1,SG,food,22,0,2026-07-04T01:00:00+00:00,delivered,
H-WEAK-1-2,UW1,DW1,VW1,DEVW1,SG,food,22,0,2026-07-05T01:00:00+00:00,delivered,
H-WEAK-1-3,UW1,DW1,VW1,DEVW1,SG,food,22,1,2026-07-06T01:00:00+00:00,delivered,quality
H-WEAK-2-0,UW2,DW0,VW0,DEVW2,SG,food,22,0,2026-07-03T02:00:00+00:00,delivered,
H-WEAK-2-1,UW2,DW0,VW0,DEVW2,SG,food,22,0,2026-07-04T02:00:00+00:00,delivered,
H-WEAK-2-2,UW2,DW0,VW0,DEVW2,SG,food,22,0,2026-07-05T02:00:00+00:00,delivered,
H-WEAK-2-3,UW2,DW0,VW0,DEVW2,SG,food,22,1,2026-07-06T02:00:00+00:00,delivered,quality
H-WEAK-3-0,UW3,DW1,VW1,DEVW3,SG,food,22,0,2026-07-03T03:00:00+00:00,delivered,
H-WEAK-3-1,UW3,DW1,VW1,DEVW3,SG,food,22,0,2026-07-04T03:00:00+00:00,delivered,
H-WEAK-3-2,UW3,DW1,VW1,DEVW3,SG,food,22,0,2026-07-05T03:00:00+00:00,delivered,
H-WEAK-3-3,UW3,DW1,VW1,DEVW3,SG,food,22,1,2026-07-06T03:00:00+00:00,delivered,quality
H-WEAK-4-0,UW4,DW0,VW0,DEVW4,SG,food,22,0,2026-07-03T04:00:00+00:00,delivered,
H-WEAK-4-1,UW4,DW0,VW0,DEVW4,SG,food,22,0,2026-07-04T04:00:00+00:00,delivered,
H-WEAK-4-2,UW4,DW0,VW0,DEVW4,SG,food,22,0,2026-07-05T04:00:00+00:00,delivered,
H-WEAK-4-3,UW4,DW0,VW0,DEVW4,SG,food,22,1,2026-07-06T04:00:00+00:00,delivered,quality
H-WEAK-5-0,UW5,DW1,VW1,DEVW5,SG,food,22,0,2026-07-03T05:00:00+00:00,delivered,
H-WEAK-5-1,UW5,DW1,VW1,DEVW5,SG,food,22,0,2026-07-04T05:00:00+00:00,delivered,
H-WEAK-5-2,UW5,DW1,VW1,DEVW5,SG,food,22,0,2026-07-05T05:00:00+00:00,delivered,
H-WEAK-5-3,UW5,DW1,VW1,DEVW5,SG,food,22,1,2026-07-06T05:00:00+00:00,delivered,quality
H-WEAK-6-0,UW6,DW0,VW0,DEVW6,SG,food,22,0,2026-07-03T06:00:00+00:00,delivered,
H-WEAK-6-1,UW6,DW0,VW0,DEVW6,SG,food,22,0,2026-07-04T06:00:00+00:00,delivered,
H-WEAK-6-2,UW6,DW0,VW0,DEVW6,SG,food,22,0,2026-07-05T06:00:00+00:00,delivered,
H-WEAK-6-3,UW6,DW0,VW0,DEVW6,SG,food,22,1,2026-07-06T06:00:00+00:00,delivered,quality
H-WEAK-7-0,UW7,DW1,VW1,DEVW7,SG,food,22,0,2026-07-03T07:00:00+00:00,delivered,
H-WEAK-7-1,UW7,DW1,VW1,DEVW7,SG,food,22,0,2026-07-04T07:00:00+00:00,delivered,
H-WEAK-7-2,UW7,DW1,VW1,DEVW7,SG,food,22,0,2026-07-05T07:00:00+00:00,delivered,
H-WEAK-7-3,UW7,DW1,VW1,DEVW7,SG,food,22,1,2026-07-06T07:00:00+00:00,delivered,quality
