order_id,user_id,driver_id,vendor_id,amount,is_refund,event_ts,market,vertical
H-PS-0000,U0,D0,V0,10.0,1,2026-05-29T00:00:00Z,SG,food
H-PS-0001,U1,D1,V1,11.0,1,2026-05-30T01:00:00Z,ID,qcommerce
H-PS-0002,U2,D2,V2,12.0,1,2026-05-31T02:00:00Z,MY,food
H-PS-0003,U3,D3,V3,13.0,1,2026-06-01T03:00:00Z,SG,qcommerce
H-PS-0004,U4,D4,V4,14.0,1,2026-06-02T04:00:00Z,ID,food
H-PS-0005,U5,D5,V5,15.0,1,2026-06-03T05:00:00Z,MY,qcommerce
H-PS-0006,U6,D6,V6,16.0,1,2026-06-04T06:00:00Z,SG,food
H-PS-0007,U7,D7,V7,17.0,1,2026-06-05T07:00:00Z,ID,qcommerce
H-PS-0008,U8,D8,V8,18.0,1,2026-06-06T08:00:00Z,MY,food
H-PS-0009,U9,D9,V9,19.0,1,2026-06-07T09:00:00Z,SG,qcommerce
H-PS-0010,U10,D10,V10,20.0,1,2026-06-08T10:00:00Z,ID,food
H-PS-0011,U11,D11,V11,21.0,1,2026-06-09T11:00:00Z,MY,qcommerce
H-PS-0012,U12,D12,V12,22.0,1,2026-06-10T12:00:00Z,SG,food
H-PS-0013,U13,D13,V13,23.0,1,2026-06-11T13:00:00Z,ID,qcommerce
H-PS-0014,U14,D14,V14,24.0,1,2026-06-12T14:00:00Z,MY,food
H-PS-0015,U15,D15,V15,25.0,1,2026-06-13T15:00:00Z,SG,qcommerce
H-PS-0016,U16,D16,V16,26.0,0,2026-06-14T16:00:00Z,ID,food
H-PS-0017,U17,D17,V17,27.0,0,2026-06-15T17:00:00Z,MY,qcommerce
H-PS-0018,U18,D18,V18,28.0,0,2026-06-16T18:00:00Z,SG,food
H-PS-0019,U19,D19,V19,29.0,0,2026-06-17T19:00:00Z,ID,qcommerce
H-PS-0020,U20,D20,V0,30.0,1,2026-06-18T00:00:00Z,MY,food
H-PS-0021,U21,D21,V1,31.0,0,2026-06-19T01:00:00Z,SG,qcommerce
H-PS-0022,U22,D22,V2,32.0,0,2026-06-20T02:00:00Z,ID,food
H-PS-0023,U23,D23,V3,33.0,0,2026-06-21T03:00:00Z,MY,qcommerce
H-PS-0024,U24,D24,V4,34.0,0,2026-06-22T04:00:00Z,SG,food
H-PS-0025,U25,D0,V5,35.0,1,2026-06-23T05:00:00Z,ID,qcommerce
H-PS-0026,U26,D1,V6,36.0,0,2026-06-24T06:00:00Z,MY,food
H-PS-0027,U27,D2,V7,37.0,0,2026-06-25T07:00:00Z,SG,qcommerce
H-PS-0028,U28,D3,V8,38.0,0,2026-06-26T08:00:00Z,ID,food
H-PS-0029,U29,D4,V9,39.0,0,2026-06-27T09:00:00Z,MY,qcommerce
H-PS-0030,U30,D5,V10,40.0,1,2026-06-28T10:00:00Z,SG,food
H-PS-0031,U31,D6,V11,41.0,0,2026-06-29T11:00:00Z,ID,qcommerce
H-PS-0032,U32,D7,V12,42.0,0,2026-06-30T12:00:00Z,MY,food
H-PS-0033,U33,D8,V13,43.0,0,2026-07-01T13:00:00Z,SG,qcommerce
H-PS-0034,U34,D9,V14,44.0,0,2026-07-02T14:00:00Z,ID,food
H-PS-0035,U35,D10,V15,45.0,1,2026-07-03T15:00:00Z,MY,qcommerce
H-PS-0036,U36,D11,V16,46.0,0,2026-07-04T16:00:00Z,SG,food
H-PS-0037,U37,D12,V17,47.0,0,2026-07-05T17:00:00Z,ID,qcommerce
H-PS-0038,U38,D13,V18,48.0,0,2026-07-06T18:00:00Z,MY,food
H-PS-0039,U39,D14,V19,49.0,0,2026-07-07T19:00:00Z,SG,qcommerce
H-PS-0040,U0,D15,V0,10.0,1,2026-05-29T00:00:00Z,ID,food
H-PS-0041,U1,D16,V1,11.0,0,2026-05-30T01:00:00Z,MY,qcommerce
H-PS-0042,U2,D17,V2,12.0,0,2026-05-31T02:00:00Z,SG,food
H-PS-0043,U3,D18,V3,13.0,0,2026-06-01T03:00:00Z,ID,qcommerce
H-PS-0044,U4,D19,V4,14.0,0,2026-06-02T04:00:00Z,MY,food
H-PS-0045,U5,D20,V5,15.0,1,2026-06-03T05:00:00Z,SG,qcommerce
H-PS-0046,U6,D21,V6,16.0,0,2026-06-04T06:00:00Z,ID,food
H-PS-0047,U7,D22,V7,17.0,0,2026-06-05T07:00:00Z,MY,qcommerce
H-PS-0048,U8,D23,V8,18.0,0,2026-06-06T08:00:00Z,SG,food
H-PS-0049,U9,D24,V9,19.0,0,2026-06-07T09:00:00Z,ID,qcommerce
H-PS-0050,U10,D0,V10,20.0,1,2026-06-08T10:00:00Z,MY,food
H-PS-0051,U11,D1,V11,21.0,0,2026-06-09T11:00:00Z,SG,qcommerce
H-PS-0052,U12,D2,V12,22.0,0,2026-06-10T12:00:00Z,ID,food
H-PS-0053,U13,D3,V13,23.0,0,2026-06-11T13:00:00Z,MY,qcommerce
H-PS-0054,U14,D4,V14,24.0,0,2026-06-12T14:00:00Z,SG,food
H-PS-0055,U15,D5,V15,25.0,1,2026-06-13T15:00:00Z,ID,qcommerce
H-PS-0056,U16,D6,V16,26.0,0,2026-06-14T16:00:00Z,MY,food
H-PS-0057,U17,D7,V17,27.0,0,2026-06-15T17:00:00Z,SG,qcommerce
H-PS-0058,U18,D8,V18,28.0,0,2026-06-16T18:00:00Z,ID,food
H-PS-0059,U19,D9,V19,29.0,0,2026-06-17T19:00:00Z,MY,qcommerce
H-PS-0060,U20,D10,V0,30.0,1,2026-06-18T00:00:00Z,SG,food
H-PS-0061,U21,D11,V1,31.0,0,2026-06-19T01:00:00Z,ID,qcommerce
H-PS-0062,U22,D12,V2,32.0,0,2026-06-20T02:00:00Z,MY,food
H-PS-0063,U23,D13,V3,33.0,0,2026-06-21T03:00:00Z,SG,qcommerce
H-PS-0064,U24,D14,V4,34.0,0,2026-06-22T04:00:00Z,ID,food
H-PS-0065,U25,D15,V5,35.0,1,2026-06-23T05:00:00Z,MY,qcommerce
H-PS-0066,U26,D16,V6,36.0,0,2026-06-24T06:00:00Z,SG,food
H-PS-0067,U27,D17,V7,37.0,0,2026-06-25T07:00:00Z,ID,qcommerce
H-PS-0068,U28,D18,V8,38.0,0,2026-06-26T08:00:00Z,MY,food
H-PS-0069,U29,D19,V9,39.0,0,2026-06-27T09:00:00Z,SG,qcommerce
H-PS-0070,U30,D20,V10,40.0,1,2026-06-28T10:00:00Z,ID,food
H-PS-0071,U31,D21,V11,41.0,0,2026-06-29T11:00:00Z,MY,qcommerce
H-PS-0072,U32,D22,V12,42.0,0,2026-06-30T12:00:00Z,SG,food
H-PS-0073,U33,D23,V13,43.0,0,2026-07-01T13:00:00Z,ID,qcommerce
H-PS-0074,U34,D24,V14,44.0,0,2026-07-02T14:00:00Z,MY,food
H-PS-0075,U35,D0,V15,45.0,1,2026-07-03T15:00:00Z,SG,qcommerce
H-PS-0076,U36,D1,V16,46.0,0,2026-07-04T16:00:00Z,ID,food
H-PS-0077,U37,D2,V17,47.0,0,2026-07-05T17:00:00Z,MY,qcommerce
H-PS-0078,U38,D3,V18,48.0,0,2026-07-06T18:00:00Z,SG,food
H-PS-0079,U39,D4,V19,49.0,0,2026-07-07T19:00:00Z,ID,qcommerce
H-PS-0080,U0,D5,V0,10.0,1,2026-05-29T00:00:00Z,MY,food
H-PS-0081,U1,D6,V1,11.0,0,2026-05-30T01:00:00Z,SG,qcommerce
H-PS-0082,U2,D7,V2,12.0,0,2026-05-31T02:00:00Z,ID,food
H-PS-0083,U3,D8,V3,13.0,0,2026-06-01T03:00:00Z,MY,qcommerce
H-PS-0084,U4,D9,V4,14.0,0,2026-06-02T04:00:00Z,SG,food
H-PS-0085,U5,D10,V5,15.0,1,2026-06-03T05:00:00Z,ID,qcommerce
H-PS-0086,U6,D11,V6,16.0,0,2026-06-04T06:00:00Z,MY,food
H-PS-0087,U7,D12,V7,17.0,0,2026-06-05T07:00:00Z,SG,qcommerce
H-PS-0088,U8,D13,V8,18.0,0,2026-06-06T08:00:00Z,ID,food
H-PS-0089,U9,D14,V9,19.0,0,2026-06-07T09:00:00Z,MY,qcommerce
H-PS-0090,U10,D15,V10,20.0,1,2026-06-08T10:00:00Z,SG,food
H-PS-0091,U11,D16,V11,21.0,0,2026-06-09T11:00:00Z,ID,qcommerce
H-PS-0092,U12,D17,V12,22.0,0,2026-06-10T12:00:00Z,MY,food
H-PS-0093,U13,D18,V13,23.0,0,2026-06-11T13:00:00Z,SG,qcommerce
H-PS-0094,U14,D19,V14,24.0,0,2026-06-12T14:00:00Z,ID,food
H-PS-0095,U15,D20,V15,25.0,1,2026-06-13T15:00:00Z,MY,qcommerce
H-PS-0096,U16,D21,V16,26.0,0,2026-06-14T16:00:00Z,SG,food
H-PS-0097,U17,D22,V17,27.0,0,2026-06-15T17:00:00Z,ID,qcommerce
H-PS-0098,U18,D23,V18,28.0,0,2026-06-16T18:00:00Z,MY,food
H-PS-0099,U19,D24,V19,29.0,0,2026-06-17T19:00:00Z,SG,qcommerce
H-PS-0100,U20,D0,V0,30.0,1,2026-06-18T00:00:00Z,ID,food
H-PS-0101,U21,D1,V1,31.0,0,2026-06-19T01:00:00Z,MY,qcommerce
H-PS-0102,U22,D2,V2,32.0,0,2026-06-20T02:00:00Z,SG,food
H-PS-0103,U23,D3,V3,33.0,0,2026-06-21T03:00:00Z,ID,qcommerce
H-PS-0104,U24,D4,V4,34.0,0,2026-06-22T04:00:00Z,MY,food
H-PS-0105,U25,D5,V5,35.0,1,2026-06-23T05:00:00Z,SG,qcommerce
H-PS-0106,U26,D6,V6,36.0,0,2026-06-24T06:00:00Z,ID,food
H-PS-0107,U27,D7,V7,37.0,0,2026-06-25T07:00:00Z,MY,qcommerce
H-PS-0108,U28,D8,V8,38.0,0,2026-06-26T08:00:00Z,SG,food
H-PS-0109,U29,D9,V9,39.0,0,2026-06-27T09:00:00Z,ID,qcommerce
H-PS-0110,U30,D10,V10,40.0,1,2026-06-28T10:00:00Z,MY,food
H-PS-0111,U31,D11,V11,41.0,0,2026-06-29T11:00:00Z,SG,qcommerce
H-PS-0112,U32,D12,V12,42.0,0,2026-06-30T12:00:00Z,ID,food
H-PS-0113,U33,D13,V13,43.0,0,2026-07-01T13:00:00Z,MY,qcommerce
H-PS-0114,U34,D14,V14,44.0,0,2026-07-02T14:00:00Z,SG,food
H-PS-0115,U35,D15,V15,45.0,1,2026-07-03T15:00:00Z,ID,qcommerce
H-PS-0116,U36,D16,V16,46.0,0,2026-07-04T16:00:00Z,MY,food
H-PS-0117,U37,D17,V17,47.0,0,2026-07-05T17:00:00Z,SG,qcommerce
H-PS-0118,U38,D18,V18,48.0,0,2026-07-06T18:00:00Z,ID,food
H-PS-0119,U39,D19,V19,49.0,0,2026-07-07T19:00:00Z,MY,qcommerce
